,first_downs,games,long,player,receiving_touchdowns,receiving_yards,receptions,targets,team,yards_after_catch,yards_per_catch,yards_per_game
0,23,16,39,LeSean McCoyL. McCoy,2,448,59,77,buffalo-bills,395,7.59,28.0
1,29,13,44,Charles ClayC. Clay,2,558,49,74,buffalo-bills,270,11.39,42.9
2,17,11,46,Deonte ThompsonD. Thompson,1,430,27,51,buffalo-bills,81,15.93,39.1
3,19,15,33,Zay JonesZ. Jones,2,316,27,74,buffalo-bills,63,11.70,21.1
4,14,10,47,Jordan MatthewsJ. Matthews,1,282,25,36,buffalo-bills,124,11.28,28.2
5,14,15,32,Nick O'LearyN. O'Leary,2,322,22,32,buffalo-bills,120,14.64,21.5
6,9,6,35,Kelvin BenjaminK. Benjamin,1,217,16,27,buffalo-bills,38,13.56,36.2
7,2,12,12,Mike TolbertM. Tolbert,0,78,14,17,buffalo-bills,48,5.57,6.5
8,10,14,36,Andre HolmesA. Holmes,3,120,13,23,buffalo-bills,11,9.23,8.6
9,2,6,16,Travaris CadetT. Cadet,0,93,13,16,buffalo-bills,77,7.15,15.5
10,0,16,9,Patrick DiMarcoP. DiMarco,0,28,7,10,buffalo-bills,10,4.00,1.8
11,2,12,22t,Logan ThomasL. Thomas,1,67,7,9,buffalo-bills,11,9.57,5.6
12,5,13,24,Brandon TateB. Tate,1,81,6,14,buffalo-bills,37,13.50,6.2
13,1,1,5,Marcus MurphyM. Murphy,0,7,2,2,buffalo-bills,10,3.50,7.0
14,1,4,28,Kaelin ClayK. Clay,0,28,1,5,buffalo-bills,3,28.00,7.0
15,1,8,11,Taiwan JonesT. Jones,0,11,1,2,buffalo-bills,10,11.00,1.4
16,149,16,47,Buffalo,16,"3,086",289,469,buffalo-bills,"1,308",10.68,192.9
17,199,16,77t,Opponents,14,"3,844",370,562,buffalo-bills,"1,719",10.39,240.2
0,60,16,49,Jarvis LandryJ. Landry,9,987,112,161,miami-dolphins,498,8.81,61.7
1,36,16,61t,Kenny StillsK. Stills,6,847,58,105,miami-dolphins,159,14.60,52.9
2,33,13,36,DeVante ParkerD. Parker,1,670,57,96,miami-dolphins,207,11.75,51.5
3,18,14,27,Julius ThomasJ. Thomas,3,388,41,62,miami-dolphins,145,9.46,27.7
4,7,16,47,Kenyan DrakeK. Drake,1,239,32,48,miami-dolphins,214,7.47,14.9
5,10,11,24,Damien WilliamsD. Williams,1,155,20,28,miami-dolphins,153,7.75,14.1
6,2,7,15,Jay AjayiJ. Ajayi,0,67,14,20,miami-dolphins,67,4.79,9.6
7,9,16,65t,Jakeem GrantJ. Grant,2,203,13,22,miami-dolphins,144,15.62,12.7
8,5,16,29,Anthony FasanoA. Fasano,1,107,12,16,miami-dolphins,37,8.92,6.7
9,4,14,21,Leonte CarrooL. Carroo,0,69,7,14,miami-dolphins,11,9.86,4.9
10,1,5,13,De'Veon SmithD. Smith,0,27,3,3,miami-dolphins,19,9.00,5.4
11,1,2,11,A.J. DerbyA. Derby,0,20,2,9,miami-dolphins,18,10.00,10.0
12,0,16,3,Senorise PerryS. Perry,0,3,1,1,miami-dolphins,0,3.00,0.2
13,1,16,10,MarQueis GrayM. Gray,0,10,1,3,miami-dolphins,9,10.00,0.6
14,187,16,65t,Miami,24,"3,792",373,588,miami-dolphins,"1,681",10.17,237.0
15,190,16,69t,Opponents,26,"3,788",339,517,miami-dolphins,"1,721",11.17,236.8
0,57,14,53t,Rob GronkowskiR. Gronkowski,8,"1,084",69,105,new-england-patriots,345,15.71,77.4
1,42,16,64t,Brandin CooksB. Cooks,7,"1,082",65,114,new-england-patriots,227,16.65,67.6
2,40,15,27,Danny AmendolaD. Amendola,2,659,61,86,new-england-patriots,210,10.80,43.9
3,25,14,27,James WhiteJ. White,3,429,56,72,new-england-patriots,336,7.66,30.6
4,22,9,47t,Chris HoganC. Hogan,5,439,34,59,new-england-patriots,171,12.91,48.8
5,11,16,20,Dion LewisD. Lewis,3,214,32,35,new-england-patriots,224,6.69,13.4
6,13,10,23,Rex BurkheadR. Burkhead,3,254,30,36,new-england-patriots,184,8.47,25.4
7,8,15,39,Phillip DorsettP. Dorsett,0,194,12,18,new-england-patriots,91,16.17,12.9
8,5,16,22,Dwayne AllenD. Allen,1,86,10,22,new-england-patriots,64,8.60,5.4
9,1,2,27,Martellus BennettM. Bennett,0,53,6,6,new-england-patriots,49,8.83,26.5
10,3,16,10,James DevelinJ. Develin,0,38,6,10,new-england-patriots,26,6.33,2.4
11,2,15,19,Jacob HollisterJ. Hollister,0,42,4,11,new-england-patriots,5,10.50,2.8
12,1,3,16,Kenny BrittK. Britt,0,23,2,5,new-england-patriots,4,11.50,7.7
13,1,9,15,Mike GillisleeM. Gillislee,0,15,1,1,new-england-patriots,20,15.00,1.7
14,1,16,7,Brandon BoldenB. Bolden,0,7,1,4,new-england-patriots,13,7.00,0.4
15,232,16,64t,New England,32,"4,619",389,584,new-england-patriots,"1,969",11.87,288.7
16,204,16,78t,Opponents,24,"4,319",367,578,new-england-patriots,"1,940",11.77,269.9
0,37,16,51,Jermaine KearseJ. Kearse,5,810,65,102,new-york-jets,295,12.46,50.6
1,36,16,69t,Robby AndersonR. Anderson,7,941,63,114,new-york-jets,273,14.94,58.8
2,18,13,28,Austin Seferian-JenkinsA. Seferian-Jenkins,3,357,50,74,new-york-jets,124,7.14,27.5
3,13,12,34,Matt ForteM. Forte,1,293,37,45,new-york-jets,252,7.92,24.4
4,8,15,31,Bilal PowellB. Powell,0,170,23,33,new-york-jets,143,7.39,11.3
5,13,8,31t,Jeremy KerleyJ. Kerley,1,217,22,27,new-york-jets,57,9.86,27.1
6,9,16,38,Elijah McGuireE. McGuire,1,177,17,26,new-york-jets,142,10.41,11.1
7,6,15,24,Chad HansenC. Hansen,0,94,9,17,new-york-jets,22,10.44,6.3
8,4,14,34,Eric TomlinsonE. Tomlinson,1,121,8,11,new-york-jets,68,15.12,8.6
9,5,11,35,Neal SterlingN. Sterling,0,82,6,11,new-york-jets,42,13.67,7.5
10,2,15,46,ArDarius StewartA. Stewart,0,82,6,13,new-york-jets,19,13.67,5.5
11,1,14,15,Lawrence ThomasL. Thomas,0,43,6,7,new-york-jets,33,7.17,3.1
12,1,3,21,Will TyeW. Tye,0,38,4,6,new-york-jets,19,9.50,12.7
13,1,3,13,Travaris CadetT. Cadet,0,26,3,3,new-york-jets,9,8.67,8.7
14,1,7,19,JoJo NatsonJ. Natson,0,18,2,5,new-york-jets,4,9.00,2.6
15,1,3,3,Charone PeakeC. Peake,0,3,1,1,new-york-jets,1,3.00,1.0
16,1,5,31,Marcus WilliamsM. Williams,0,31,1,1,new-york-jets,25,31.00,6.2
17,0,16,-2,Brent QvaleB. Qvale,0,-2,0,0,new-york-jets,-2,0.00,-0.1
18,157,16,69t,NY Jets,19,"3,501",323,496,new-york-jets,"1,526",10.84,218.8
19,191,16,79t,Opponents,30,"3,904",329,548,new-york-jets,"1,605",11.87,244.0
0,30,16,33t,Benjamin WatsonB. Watson,4,522,61,79,baltimore-ravens,263,8.56,32.6
1,33,15,66,Mike WallaceM. Wallace,4,748,52,92,baltimore-ravens,157,14.38,49.9
2,16,16,20,Javorius AllenJ. Allen,2,250,46,60,baltimore-ravens,218,5.43,15.6
3,23,12,48t,Jeremy MaclinJ. Maclin,3,440,40,72,baltimore-ravens,108,11.00,36.7
4,9,8,22,Danny WoodheadD. Woodhead,0,200,33,39,baltimore-ravens,118,6.06,25.0
5,11,15,16,Nick BoyleN. Boyle,0,203,28,37,baltimore-ravens,153,7.25,13.5
6,8,15,37,Alex CollinsA. Collins,0,187,23,36,baltimore-ravens,190,8.13,12.5
7,11,13,18,Michael CampanaroM. Campanaro,1,173,19,27,baltimore-ravens,81,9.11,13.3
8,11,13,30t,Chris MooreC. Moore,3,248,18,38,baltimore-ravens,41,13.78,19.1
9,6,11,17,Maxx WilliamsM. Williams,1,86,15,18,baltimore-ravens,100,5.73,7.8
10,3,11,14,Breshad PerrimanB. Perriman,0,77,10,35,baltimore-ravens,5,7.70,7.0
11,1,4,12,Bobby RaineyB. Rainey,0,18,5,7,baltimore-ravens,34,3.60,4.5
12,2,16,6t,Patrick RicardP. Ricard,2,12,4,4,baltimore-ravens,10,3.00,0.8
13,0,2,9,Griff WhalenG. Whalen,0,23,4,6,baltimore-ravens,2,5.75,11.5
14,2,6,12,Chris MatthewsC. Matthews,0,25,3,6,baltimore-ravens,5,8.33,4.2
15,2,5,15,Terrance WestT. West,0,23,2,4,baltimore-ravens,21,11.50,4.6
16,0,16,0,Vince MayleV. Mayle,0,0,0,1,baltimore-ravens,0,0.00,0.0
17,168,16,66,Baltimore,20,"3,235",363,561,baltimore-ravens,"1,506",8.91,202.2
18,179,16,57,Opponents,18,"3,701",333,556,baltimore-ravens,"1,586",11.11,231.3
0,55,16,77t,A.J. GreenA. Green,8,"1,078",75,143,cincinnati-bengals,297,14.37,67.4
1,25,16,45,Brandon LaFellB. LaFell,3,548,52,89,cincinnati-bengals,239,10.54,34.2
2,16,16,61t,Giovani BernardG. Bernard,2,389,43,60,cincinnati-bengals,437,9.05,24.3
3,23,16,59,Tyler KroftT. Kroft,7,404,42,62,cincinnati-bengals,193,9.62,25.2
4,9,14,67,Joe MixonJ. Mixon,0,287,30,34,cincinnati-bengals,313,9.57,20.5
5,14,10,49t,Tyler BoydT. Boyd,2,225,22,32,cincinnati-bengals,91,10.23,22.5
6,9,16,37,Alex EricksonA. Erickson,1,180,12,16,cincinnati-bengals,39,15.00,11.2
7,6,14,21,C.J. UzomahC. Uzomah,1,92,10,15,cincinnati-bengals,50,9.20,6.6
8,3,11,25t,Josh MaloneJ. Malone,1,63,6,17,cincinnati-bengals,19,10.50,5.7
9,1,7,10,Jeremy HillJ. Hill,0,16,4,4,cincinnati-bengals,30,4.00,2.3
10,2,2,22,Tyler EifertT. Eifert,0,46,4,5,cincinnati-bengals,11,11.50,23.0
11,1,6,34,Brian HillB. Hill,0,36,2,2,cincinnati-bengals,32,18.00,6.0
12,1,13,16,Ryan HewittR. Hewitt,0,22,2,2,cincinnati-bengals,8,11.00,1.7
13,0,13,0,Cody CoreC. Core,0,0,0,4,cincinnati-bengals,0,0.00,0.0
14,0,16,0,Cethan CarterC. Carter,0,0,0,1,cincinnati-bengals,0,0.00,0.0
15,0,3,0,John RossJ. Ross,0,0,0,2,cincinnati-bengals,0,0.00,0.0
16,165,16,77t,Cincinnati,25,"3,386",304,488,cincinnati-bengals,"1,759",11.14,211.6
17,173,16,72,Opponents,20,"3,657",336,550,cincinnati-bengals,"1,814",10.88,228.6
0,31,16,41t,Duke JohnsonD. Johnson,3,693,74,93,cleveland-browns,634,9.36,43.3
1,18,16,49,Seth DevalveS. Devalve,1,395,33,58,cleveland-browns,171,11.97,24.7
2,17,16,34,David NjokuD. Njoku,4,386,32,60,cleveland-browns,151,12.06,24.1
3,9,16,38,Isaiah CrowellI. Crowell,0,182,28,42,cleveland-browns,210,6.50,11.4
4,13,15,56t,Rashard HigginsR. Higgins,2,312,27,50,cleveland-browns,142,11.56,20.8
5,18,16,37,Ricardo LouisR. Louis,0,357,27,61,cleveland-browns,82,13.22,22.3
6,17,9,44,Corey ColemanC. Coleman,2,305,23,58,cleveland-browns,58,13.26,33.9
7,12,5,54,Josh GordonJ. Gordon,1,335,18,42,cleveland-browns,123,18.61,67.0
8,9,9,38,Kenny BrittK. Britt,2,233,18,38,cleveland-browns,84,12.94,25.9
9,2,7,14,Kasen WilliamsK. Williams,0,84,9,18,cleveland-browns,21,9.33,12.0
10,2,12,38,Sammie CoatesS. Coates,0,70,6,11,cleveland-browns,16,11.67,5.8
11,4,6,20,Bryce TreggsB. Treggs,0,79,5,18,cleveland-browns,3,15.80,13.2
12,1,16,15,Matt DayesM. Dayes,0,29,4,5,cleveland-browns,22,7.25,1.8
13,2,16,20,Randall TelferR. Telfer,0,36,3,4,cleveland-browns,0,12.00,2.2
14,1,15,11,Dan VitaleD. Vitale,0,19,3,5,cleveland-browns,25,6.33,1.3
15,1,2,26,Jordan LeslieJ. Leslie,0,26,1,1,cleveland-browns,1,26.00,13.0
16,0,16,-4,Kevin ZeitlerK. Zeitler,0,-4,1,1,cleveland-browns,0,-4.00,-0.2
17,0,1,0,Marquez WilliamsM. Williams,0,0,0,1,cleveland-browns,0,0.00,0.0
18,157,16,56t,Cleveland,15,"3,537",312,566,cleveland-browns,"1,743",11.34,221.1
19,189,16,61t,Opponents,28,"3,881",360,520,cleveland-browns,"2,056",10.78,242.6
0,71,14,57,Antonio BrownA. Brown,9,"1,533",101,163,pittsburgh-steelers,483,15.18,109.5
1,31,15,42,Le'Veon BellL. Bell,2,655,85,106,pittsburgh-steelers,678,7.71,43.7
2,39,14,97t,JuJu Smith-SchusterJ. Smith-Schuster,7,917,58,79,pittsburgh-steelers,401,15.81,65.5
3,30,15,51,Martavis BryantM. Bryant,3,603,50,84,pittsburgh-steelers,170,12.06,40.2
4,20,16,32,Jesse JamesJ. James,3,372,43,63,pittsburgh-steelers,187,8.65,23.2
5,9,14,18t,Eli RogersE. Rogers,1,149,18,36,pittsburgh-steelers,78,8.28,10.6
6,10,10,28,Vance McDonaldV. McDonald,1,188,14,24,pittsburgh-steelers,88,13.43,18.8
7,2,15,12,Xavier GrimbleX. Grimble,1,32,5,9,pittsburgh-steelers,16,6.40,2.1
8,2,7,7,Justin HunterJ. Hunter,1,23,4,10,pittsburgh-steelers,14,5.75,3.3
9,1,6,7,Fitzgerald ToussaintF. Toussaint,0,9,2,3,pittsburgh-steelers,12,4.50,1.5
10,1,16,44,Darrius Heyward-BeyD. Heyward-Bey,0,47,2,3,pittsburgh-steelers,21,23.50,2.9
11,1,16,5,Roosevelt NixR. Nix,1,6,2,3,pittsburgh-steelers,3,3.00,0.4
12,0,14,0,James ConnerJ. Conner,0,0,0,1,pittsburgh-steelers,0,0.00,0.0
13,0,0,0,. ,0,0,0,0,pittsburgh-steelers,29,0.00,0.0
14,217,16,97t,Pittsburgh,29,"4,534",384,584,pittsburgh-steelers,"2,180",11.81,283.4
0,69,15,72t,DeAndre HopkinsD. Hopkins,13,"1,378",96,174,houston-texans,359,14.35,91.9
1,17,16,32,Lamar MillerL. Miller,3,327,36,45,houston-texans,295,9.08,20.4
2,14,11,35,Bruce EllingtonB. Ellington,2,330,29,57,houston-texans,136,11.38,30.0
3,21,10,59t,Will FullerW. Fuller,7,423,28,50,houston-texans,99,15.11,42.3
4,17,15,42,Stephen AndersonS. Anderson,1,342,25,52,houston-texans,132,13.68,22.8
5,7,11,57,Braxton MillerB. Miller,1,162,19,29,houston-texans,61,8.53,14.7
6,7,5,15,C.J. FiedorowiczC. Fiedorowicz,0,127,14,22,houston-texans,37,9.07,25.4
7,8,7,35,Ryan GriffinR. Griffin,1,158,13,26,houston-texans,77,12.15,22.6
8,1,4,7,Tyler ErvinT. Ervin,0,38,8,11,houston-texans,10,4.75,9.5
9,4,11,14,Alfred BlueA. Blue,0,54,7,9,houston-texans,42,7.71,4.9
10,4,10,34,D'Onta ForemanD. Foreman,0,83,6,8,houston-texans,66,13.83,8.3
11,3,4,29,Andre EllingtonA. Ellington,0,72,6,9,houston-texans,30,12.00,18.0
12,5,13,32,Chris ThompsonC. Thompson,0,84,5,6,houston-texans,30,16.80,6.5
13,1,16,18,Jay ProschJ. Prosch,0,31,4,4,houston-texans,27,7.75,1.9
14,1,3,8,Cobi HamiltonC. Hamilton,0,8,1,6,houston-texans,4,8.00,2.7
15,0,2,3,Ryan MalleckR. Malleck,0,3,1,1,houston-texans,2,3.00,1.5
16,1,2,24,DeAndrew WhiteD. White,0,24,1,7,houston-texans,1,24.00,12.0
17,180,16,72t,Houston,28,"3,644",299,516,houston-texans,"1,408",12.19,227.8
18,176,16,94t,Opponents,30,"3,999",321,483,houston-texans,"1,733",12.46,249.9
0,34,15,26,Jack DoyleJ. Doyle,4,690,80,108,indianapolis-colts,337,8.62,46.0
1,38,16,80t,T.Y. HiltonT. Hilton,4,966,57,109,indianapolis-colts,304,16.95,60.4
2,9,16,26,Frank GoreF. Gore,1,245,29,38,indianapolis-colts,275,8.45,15.3
3,22,12,60t,Donte MoncriefD. Moncrief,2,391,26,47,indianapolis-colts,79,15.04,32.6
4,15,11,61t,Chester RogersC. Rogers,1,284,23,37,indianapolis-colts,104,12.35,25.8
5,10,14,34,Marlon MackM. Mack,1,225,21,33,indianapolis-colts,283,10.71,16.1
6,7,15,21,Kamar AikenK. Aiken,0,133,15,44,indianapolis-colts,47,8.87,8.9
7,4,14,32,Brandon WilliamsB. Williams,0,121,13,17,indianapolis-colts,78,9.31,8.6
8,3,6,16,Robert TurbinR. Turbin,0,56,9,11,indianapolis-colts,69,6.22,9.3
9,0,10,8,Josh FergusonJ. Ferguson,0,16,3,4,indianapolis-colts,24,5.33,1.6
10,2,12,13,Darrell DanielsD. Daniels,0,26,3,13,indianapolis-colts,16,8.67,2.2
11,2,9,22,Quan BrayQ. Bray,0,39,3,4,indianapolis-colts,10,13.00,4.3
12,2,4,20,Ross TravisR. Travis,0,33,2,5,indianapolis-colts,18,16.50,8.2
13,0,4,1,Matt HazelM. Hazel,0,1,1,1,indianapolis-colts,2,1.00,0.2
14,0,5,0,K.J. BrentK. Brent,0,0,0,1,indianapolis-colts,0,0.00,0.0
15,148,16,80t,Indianapolis,13,"3,226",285,472,indianapolis-colts,"1,646",11.32,201.6
16,192,16,67,Opponents,23,"4,123",320,504,indianapolis-colts,"1,761",12.88,257.7
0,40,14,45,Marqise LeeM. Lee,3,702,56,96,jacksonville-jaguars,289,12.54,50.1
1,32,16,75t,Keelan ColeK. Cole,3,748,42,83,jacksonville-jaguars,299,17.81,46.8
2,28,10,50,Allen HurnsA. Hurns,2,484,39,56,jacksonville-jaguars,175,12.41,48.4
3,15,13,28,Leonard FournetteL. Fournette,1,302,36,48,jacksonville-jaguars,303,8.39,23.2
4,14,10,20,T.J. YeldonT. Yeldon,0,224,30,41,jacksonville-jaguars,188,7.47,22.4
5,15,7,29,Dede WestbrookD. Westbrook,1,339,27,51,jacksonville-jaguars,99,12.56,48.4
6,18,16,37,Marcedes LewisM. Lewis,5,318,24,48,jacksonville-jaguars,163,13.25,19.9
7,8,14,29,Chris IvoryC. Ivory,1,175,21,28,jacksonville-jaguars,185,8.33,12.5
8,9,16,29,James O'ShaughnessyJ. O'Shaughnessy,1,149,14,24,jacksonville-jaguars,91,10.64,9.3
9,4,10,41,Jaydon MickensJ. Mickens,2,77,6,11,jacksonville-jaguars,39,12.83,7.7
10,3,16,14,Tommy BohanonT. Bohanon,1,43,6,11,jacksonville-jaguars,28,7.17,2.7
11,0,16,21,Ben KoyackB. Koyack,0,38,5,7,jacksonville-jaguars,14,7.60,2.4
12,2,16,28,Corey GrantC. Grant,0,41,3,4,jacksonville-jaguars,35,13.67,2.6
13,3,1,19,Jaelen StrongJ. Strong,1,38,3,4,jacksonville-jaguars,15,12.67,38.0
14,0,4,5,Larry PinkardL. Pinkard,0,5,1,1,jacksonville-jaguars,0,5.00,1.2
15,0,5,4,Max McCaffreyM. McCaffrey,0,4,1,1,jacksonville-jaguars,5,4.00,0.8
16,1,1,17,Allen RobinsonA. Robinson,0,17,1,1,jacksonville-jaguars,2,17.00,17.0
17,1,9,12,Arrelious BennA. Benn,0,12,1,2,jacksonville-jaguars,2,12.00,1.3
18,193,16,75t,Jacksonville,21,"3,716",316,517,jacksonville-jaguars,"1,932",11.76,232.2
19,143,16,74t,Opponents,17,"3,074",289,493,jacksonville-jaguars,"1,329",10.64,192.1
0,43,16,42,Delanie WalkerD. Walker,3,807,74,111,tennessee-titans,245,10.91,50.4
1,31,16,29,Eric DeckerE. Decker,1,563,54,83,tennessee-titans,113,10.43,35.2
2,36,14,75t,Rishard MatthewsR. Matthews,4,795,53,87,tennessee-titans,277,15.00,56.8
3,10,15,18,DeMarco MurrayD. Murray,1,266,39,47,tennessee-titans,244,6.82,17.7
4,17,11,37,Corey DavisC. Davis,0,375,34,65,tennessee-titans,101,11.03,34.1
5,5,16,32t,Jonnu SmithJ. Smith,2,157,18,30,tennessee-titans,96,8.72,9.8
6,9,16,53t,Taywan TaylorT. Taylor,1,231,16,28,tennessee-titans,59,14.44,14.4
7,4,16,66t,Derrick HenryD. Henry,1,136,11,17,tennessee-titans,125,12.36,8.5
8,2,16,20,Phillip SupernawP. Supernaw,1,39,4,6,tennessee-titans,15,9.75,2.4
9,0,2,8,Harry DouglasH. Douglas,0,8,1,3,tennessee-titans,12,8.00,4.0
10,0,16,5,Eric WeemsE. Weems,0,5,1,2,tennessee-titans,5,5.00,0.3
11,0,3,12,Luke StockerL. Stocker,0,12,1,2,tennessee-titans,8,12.00,4.0
12,0,16,0,David FluellenD. Fluellen,0,0,0,1,tennessee-titans,0,0.00,0.0
13,0,16,0,Adoree' JacksonA. Jackson,0,0,0,1,tennessee-titans,0,0.00,0.0
14,0,10,0,Jalston FowlerJ. Fowler,0,0,0,1,tennessee-titans,0,0.00,0.0
15,157,16,75t,Tennessee,14,"3,394",306,484,tennessee-titans,"1,300",11.09,212.1
16,231,16,80t,Opponents,27,"4,100",369,593,tennessee-titans,"1,950",11.11,256.2
0,53,16,40,Demaryius ThomasD. Thomas,5,949,83,140,denver-broncos,299,11.43,59.3
1,30,12,38,Emmanuel SandersE. Sanders,2,555,47,92,denver-broncos,167,11.81,46.2
2,13,13,29,Devontae BookerD. Booker,0,275,30,38,denver-broncos,231,9.17,21.2
3,18,16,29,Bennie FowlerB. Fowler,3,350,29,56,denver-broncos,107,12.07,21.9
4,7,16,25,C.J. AndersonC. Anderson,1,224,28,40,denver-broncos,215,8.00,14.0
5,6,14,20,Jamaal CharlesJ. Charles,0,129,23,28,denver-broncos,159,5.61,9.2
6,15,11,32,Cody LatimerC. Latimer,2,287,19,31,denver-broncos,64,15.11,26.1
7,10,9,29,A.J. DerbyA. Derby,2,224,19,31,denver-broncos,74,11.79,24.9
8,7,16,44,Virgil GreenV. Green,1,191,14,22,denver-broncos,92,13.64,11.9
9,5,10,30,Jordan TaylorJ. Taylor,0,142,13,20,denver-broncos,45,10.92,14.2
10,5,14,54t,Jeff HeuermanJ. Heuerman,2,142,9,18,denver-broncos,63,15.78,10.1
11,6,7,34,Austin TraylorA. Traylor,0,100,8,13,denver-broncos,42,12.50,14.3
12,2,16,16,Andy JanovichA. Janovich,0,35,4,6,denver-broncos,24,8.75,2.2
13,2,11,14,Isaiah McKenzieI. McKenzie,0,29,4,13,denver-broncos,10,7.25,2.6
14,1,5,29t,De'Angelo HendersonD. Henderson,1,36,2,2,denver-broncos,35,18.00,7.2
15,0,1,0,Hunter SharpH. Sharp,0,0,0,1,denver-broncos,0,0.00,0.0
16,180,16,54t,Denver,19,"3,668",332,551,denver-broncos,"1,627",11.05,229.2
17,166,16,64t,Opponents,29,"3,385",294,482,denver-broncos,"1,602",11.51,211.6
0,55,15,44,Travis KelceT. Kelce,8,"1,038",83,122,kansas-city-chiefs,406,12.51,69.2
1,41,15,79t,Tyreek HillT. Hill,7,"1,183",75,105,kansas-city-chiefs,451,15.77,78.9
2,18,16,78t,Kareem HuntK. Hunt,3,455,53,63,kansas-city-chiefs,411,8.58,28.4
3,32,13,63t,Albert WilsonA. Wilson,3,554,42,62,kansas-city-chiefs,318,13.19,42.6
4,6,13,25,Charcandrick WestC. West,2,150,27,34,kansas-city-chiefs,128,5.56,11.5
5,13,16,33,Demarcus RobinsonD. Robinson,0,212,21,39,kansas-city-chiefs,47,10.10,13.2
6,11,16,51,Demetrius HarrisD. Harris,1,224,18,35,kansas-city-chiefs,129,12.44,14.0
7,4,16,57t,De'Anthony ThomasD. Thomas,2,143,14,16,kansas-city-chiefs,73,10.21,8.9
8,8,5,35,Chris ConleyC. Conley,0,175,11,16,kansas-city-chiefs,45,15.91,35.0
9,3,16,11,Anthony ShermanA. Sherman,0,47,6,8,kansas-city-chiefs,41,7.83,2.9
10,3,11,18,Ross TravisR. Travis,0,43,5,12,kansas-city-chiefs,16,8.60,3.9
11,1,15,20,Akeem HuntA. Hunt,0,31,4,7,kansas-city-chiefs,45,7.75,2.1
12,2,12,10,Jehu ChessonJ. Chesson,0,18,2,4,kansas-city-chiefs,15,9.00,1.5
13,1,5,35,Orson CharlesO. Charles,0,53,2,2,kansas-city-chiefs,9,26.50,10.6
14,0,13,0,Cameron ErvingC. Erving,0,0,0,1,kansas-city-chiefs,0,0.00,0.0
15,0,1,0,C.J. SpillerC. Spiller,0,0,0,2,kansas-city-chiefs,0,0.00,0.0
16,198,16,79t,Kansas City,26,"4,326",363,528,kansas-city-chiefs,"2,134",11.92,270.4
17,204,16,69,Opponents,23,"4,131",325,559,kansas-city-chiefs,"1,661",12.71,258.2
0,74,16,51,Keenan AllenK. Allen,6,"1,393",102,159,los-angeles-chargers,501,13.66,87.1
1,22,16,49,Melvin GordonM. Gordon,4,476,58,83,los-angeles-chargers,495,8.21,29.8
2,32,14,34,Hunter HenryH. Henry,4,579,45,62,los-angeles-chargers,221,12.87,41.4
3,29,16,75t,Tyrell WilliamsT. Williams,4,728,43,69,los-angeles-chargers,320,16.93,45.5
4,20,16,62t,Travis BenjaminT. Benjamin,4,567,34,65,los-angeles-chargers,210,16.68,35.4
5,16,16,27,Antonio GatesA. Gates,3,316,30,52,los-angeles-chargers,66,10.53,19.8
6,12,16,38,Austin EkelerA. Ekeler,3,279,27,35,los-angeles-chargers,246,10.33,17.4
7,7,10,20,Mike WilliamsM. Williams,0,95,11,23,los-angeles-chargers,11,8.64,9.5
8,2,8,11,Branden OliverB. Oliver,0,26,6,11,los-angeles-chargers,31,4.33,3.2
9,3,15,23,Sean McGrathS. McGrath,0,46,4,4,los-angeles-chargers,16,11.50,3.1
10,2,16,23,Derek WattD. Watt,0,35,2,3,los-angeles-chargers,30,17.50,2.2
11,1,4,7,Dontrelle InmanD. Inman,0,9,2,4,los-angeles-chargers,3,4.50,2.2
12,0,7,2,Jeff CumberlandJ. Cumberland,0,2,2,3,los-angeles-chargers,0,1.00,0.3
13,220,16,75t,LA Chargers,28,"4,551",366,573,los-angeles-chargers,"2,150",12.43,284.4
14,153,16,87t,Opponents,17,"3,417",329,520,los-angeles-chargers,"1,570",10.39,213.6
0,35,14,41t,Michael CrabtreeM. Crabtree,8,618,58,101,oakland-raiders,190,10.66,44.1
1,35,16,35,Jared CookJ. Cook,2,688,54,86,oakland-raiders,241,12.74,43.0
2,28,14,87t,Amari CooperA. Cooper,7,680,48,96,oakland-raiders,296,14.17,48.6
3,22,15,29,Seth RobertsS. Roberts,1,455,43,65,oakland-raiders,104,10.58,30.3
4,14,15,15,DeAndre WashingtonD. Washington,1,197,34,45,oakland-raiders,165,5.79,13.1
5,13,16,59,Cordarrelle PattersonC. Patterson,0,309,31,42,oakland-raiders,184,9.97,19.3
6,13,16,39,Jalen RichardJ. Richard,1,256,27,36,oakland-raiders,227,9.48,16.0
7,6,15,25,Marshawn LynchM. Lynch,0,151,20,31,oakland-raiders,164,7.55,10.1
8,5,16,64t,Johnny HoltonJ. Holton,3,218,9,18,oakland-raiders,40,24.22,13.6
9,2,13,26,Clive WalfordC. Walford,0,80,9,13,oakland-raiders,22,8.89,6.2
10,4,16,21,Lee SmithL. Smith,0,76,8,11,oakland-raiders,32,9.50,4.8
11,1,12,9,Jamize OlawaleJ. Olawale,0,33,6,7,oakland-raiders,24,5.50,2.8
12,0,2,0,Isaac WhitneyI. Whitney,0,0,0,1,oakland-raiders,0,0.00,0.0
13,178,16,87t,Oakland,23,"3,761",347,552,oakland-raiders,"1,689",10.84,235.1
14,187,16,74,Opponents,24,"4,046",361,523,oakland-raiders,"1,822",11.21,252.9
0,44,16,50t,Dez BryantD. Bryant,6,838,69,132,dallas-cowboys,266,12.14,52.4
1,26,16,28t,Jason WittenJ. Witten,5,560,63,87,dallas-cowboys,105,8.89,35.0
2,31,16,56,Terrance WilliamsT. Williams,0,568,53,78,dallas-cowboys,243,10.72,35.5
3,20,15,54,Cole BeasleyC. Beasley,4,314,36,63,dallas-cowboys,126,8.72,20.9
4,6,10,72t,Ezekiel ElliottE. Elliott,2,269,26,38,dallas-cowboys,281,10.35,26.9
5,9,15,81t,Rod SmithR. Smith,1,202,19,23,dallas-cowboys,176,10.63,13.5
6,10,13,53,Brice ButlerB. Butler,3,317,15,23,dallas-cowboys,35,21.13,24.4
7,1,14,13,Alfred MorrisA. Morris,0,45,7,9,dallas-cowboys,44,6.43,3.2
8,4,16,12,Ryan SwitzerR. Switzer,0,41,6,7,dallas-cowboys,18,6.83,2.6
9,2,16,12,Keith SmithK. Smith,0,26,5,5,dallas-cowboys,22,5.20,1.6
10,4,16,31,James HannaJ. Hanna,1,88,4,9,dallas-cowboys,29,22.00,5.5
11,3,13,14,Noah BrownN. Brown,0,33,4,9,dallas-cowboys,22,8.25,2.5
12,2,15,18,Geoff SwaimG. Swaim,0,25,2,2,dallas-cowboys,11,12.50,1.7
13,0,16,3,Dak PrescottD. Prescott,0,0,0,0,dallas-cowboys,0,0.00,0.0
14,162,16,81t,Dallas,22,"3,326",309,485,dallas-cowboys,"1,378",10.76,207.9
15,181,16,56t,Opponents,28,"3,746",371,548,dallas-cowboys,"1,900",10.10,234.1
0,37,15,35,Evan EngramE. Engram,6,722,64,115,new-york-giants,306,11.28,48.1
1,36,11,77t,Sterling ShepardS. Shepard,2,731,59,84,new-york-giants,295,12.39,66.5
2,7,16,20,Shane VereenS. Vereen,0,253,44,53,new-york-giants,245,5.75,15.8
3,20,15,34,Roger LewisR. Lewis,2,416,36,72,new-york-giants,76,11.56,27.7
4,8,13,11,Wayne GallmanW. Gallman,1,193,34,48,new-york-giants,201,5.68,14.8
5,15,4,48t,Odell Beckham Jr.O. Beckham,3,302,25,41,new-york-giants,65,12.08,75.5
6,13,16,27,Rhett EllisonR. Ellison,2,235,24,32,new-york-giants,131,9.79,14.7
7,7,15,13,Orleans DarkwaO. Darkwa,0,116,19,28,new-york-giants,118,6.11,7.7
8,11,5,18,Brandon MarshallB. Marshall,0,154,18,33,new-york-giants,39,8.56,30.8
9,11,8,57t,Tavarres KingT. King,3,240,18,37,new-york-giants,78,13.33,30.0
10,5,16,38,Jerell AdamsJ. Adams,0,92,8,11,new-york-giants,28,11.50,5.8
11,1,11,11,Paul PerkinsP. Perkins,0,46,8,10,new-york-giants,59,5.75,4.2
12,4,7,29,Travis RudolphT. Rudolph,0,101,8,21,new-york-giants,43,12.62,14.4
13,2,2,21,Hunter SharpH. Sharp,1,54,5,8,new-york-giants,23,10.80,27.0
14,0,1,8,Darius PoweD. Powe,0,13,2,4,new-york-giants,13,6.50,13.0
15,1,6,12,Khalif RaymondK. Raymond,0,12,1,1,new-york-giants,7,12.00,2.0
16,0,4,0,Ed EaganE. Eagan,0,0,0,1,new-york-giants,0,0.00,0.0
17,0,1,0,Marquis BundyM. Bundy,0,0,0,3,new-york-giants,0,0.00,0.0
18,0,3,0,Matt LaCosseM. LaCosse,0,0,0,1,new-york-giants,0,0.00,0.0
19,178,16,77t,NY Giants,20,"3,680",373,603,new-york-giants,"1,727",9.87,230.0
20,189,16,83t,Opponents,32,"4,199",347,549,new-york-giants,"2,131",12.10,262.4
0,46,14,53,Zach ErtzZ. Ertz,8,824,74,110,philadelphia-eagles,243,11.14,58.9
1,35,16,72t,Nelson AgholorN. Agholor,8,768,62,95,philadelphia-eagles,301,12.39,48.0
2,44,16,53t,Alshon JefferyA. Jeffery,9,789,57,120,philadelphia-eagles,202,13.84,49.3
3,11,16,59t,Torrey SmithT. Smith,2,430,36,68,philadelphia-eagles,135,11.94,26.9
4,14,15,27t,Trey BurtonT. Burton,5,248,23,31,philadelphia-eagles,35,10.78,16.5
5,8,16,64t,Mack HollinsM. Hollins,1,226,16,22,philadelphia-eagles,43,14.12,14.1
6,6,8,24,Wendell SmallwoodW. Smallwood,0,103,13,18,philadelphia-eagles,87,7.92,12.9
7,7,16,28,Brent CelekB. Celek,1,130,13,24,philadelphia-eagles,85,10.00,8.1
8,6,7,32,Jay AjayiJ. Ajayi,1,91,10,14,philadelphia-eagles,109,9.10,13.0
9,6,16,28,Corey ClementC. Clement,2,123,10,15,philadelphia-eagles,128,12.30,7.7
10,3,16,20,LeGarrette BlountL. Blount,1,50,8,8,philadelphia-eagles,47,6.25,3.1
11,3,3,16,Darren SprolesD. Sproles,0,73,7,12,philadelphia-eagles,78,10.43,24.3
12,1,13,22,Kenjon BarnerK. Barner,0,56,5,8,philadelphia-eagles,52,11.20,4.3
13,3,10,16,Marcus JohnsonM. Johnson,0,45,5,8,philadelphia-eagles,7,9.00,4.5
14,0,5,6,Shelton GibsonS. Gibson,0,11,2,3,philadelphia-eagles,-3,5.50,2.2
15,193,16,72t,Philadelphia,38,"3,967",341,556,philadelphia-eagles,"1,549",11.63,247.9
16,177,16,77t,Opponents,24,"3,883",363,590,philadelphia-eagles,"2,024",10.70,242.7
0,37,15,41,Jamison CrowderJ. Crowder,3,789,66,103,washington-redskins,370,11.95,52.6
1,29,16,40t,Ryan GrantR. Grant,4,573,45,65,washington-redskins,235,12.73,35.8
2,23,16,69,Vernon DavisV. Davis,3,648,43,69,washington-redskins,306,15.07,40.5
3,22,10,74,Chris ThompsonC. Thompson,4,510,39,54,washington-redskins,485,13.08,51.0
4,25,16,52t,Josh DoctsonJ. Doctson,6,502,35,78,washington-redskins,131,14.34,31.4
5,10,6,20,Jordan ReedJ. Reed,2,211,27,35,washington-redskins,72,7.81,35.2
6,9,16,25,Samaje PerineS. Perine,1,182,22,24,washington-redskins,206,8.27,11.4
7,15,9,44t,Terrelle PryorT. Pryor,1,240,20,37,washington-redskins,58,12.00,26.7
8,4,3,36t,Kapri BibbsK. Bibbs,1,128,14,17,washington-redskins,128,9.14,42.7
9,4,14,32,Niles PaulN. Paul,0,94,13,19,washington-redskins,31,7.23,6.7
10,0,4,12,Byron MarshallB. Marshall,0,36,6,8,washington-redskins,51,6.00,9.0
11,5,11,31,Brian QuickB. Quick,0,76,6,8,washington-redskins,27,12.67,6.9
12,3,6,36t,Maurice HarrisM. Harris,1,62,4,6,washington-redskins,8,15.50,10.3
13,3,7,9,Rob KelleyR. Kelley,0,18,4,7,washington-redskins,20,4.50,2.6
14,1,11,7t,Jeremy SprinkleJ. Sprinkle,1,13,2,3,washington-redskins,3,6.50,1.2
15,1,3,11,Mack BrownM. Brown,0,11,1,1,washington-redskins,9,11.00,3.7
16,191,16,74,Washington,27,"4,093",347,534,washington-redskins,"2,140",11.80,255.8
17,171,16,75t,Opponents,23,"3,692",306,519,washington-redskins,"1,589",12.07,230.8
0,33,16,22,Kendall WrightK. Wright,1,614,59,91,chicago-bears,182,10.41,38.4
1,9,16,70,Tarik CohenT. Cohen,1,353,53,71,chicago-bears,303,6.66,22.1
2,17,15,46t,Josh BellamyJ. Bellamy,1,376,24,46,chicago-bears,121,15.67,25.1
3,18,8,26,Dontrelle InmanD. Inman,1,334,23,40,chicago-bears,28,14.52,41.8
4,4,16,12,Jordan HowardJ. Howard,0,125,23,32,chicago-bears,157,5.43,7.8
5,10,8,29,Zach MillerZ. Miller,2,236,20,35,chicago-bears,72,11.80,29.5
6,9,14,40,Benny CunninghamB. Cunningham,2,240,20,26,chicago-bears,243,12.00,17.1
7,9,14,27t,Dion SimsD. Sims,1,180,15,29,chicago-bears,67,12.00,12.9
8,9,14,17,Daniel BrownD. Brown,0,129,13,20,chicago-bears,46,9.92,9.2
9,8,13,31,Adam ShaheenA. Shaheen,3,127,12,14,chicago-bears,49,10.58,9.8
10,8,5,20,Deonte ThompsonD. Thompson,1,125,11,18,chicago-bears,20,11.36,25.0
11,6,8,45,Tre McBrideT. McBride,0,144,8,15,chicago-bears,50,18.00,18.0
12,2,4,15,Tanner GentryT. Gentry,0,35,3,6,chicago-bears,1,11.67,8.8
13,2,11,22,Markus WheatonM. Wheaton,0,51,3,17,chicago-bears,3,17.00,4.6
14,0,1,6,Kevin WhiteK. White,0,6,2,4,chicago-bears,2,3.00,6.0
15,0,16,8,Michael BurtonM. Burton,0,8,2,4,chicago-bears,9,4.00,0.5
16,0,6,2,Hroniss GrasuH. Grasu,0,2,0,0,chicago-bears,2,0.00,0.3
17,144,16,70,Chicago,13,"3,085",291,468,chicago-bears,"1,355",10.60,192.8
18,180,16,88t,Opponents,18,"3,653",343,525,chicago-bears,"1,677",10.65,228.3
0,44,16,71t,Golden TateG. Tate,5,"1,003",92,120,detroit-lions,613,10.90,62.7
1,44,16,58,Marvin JonesM. Jones,9,"1,101",61,107,detroit-lions,195,18.05,68.8
2,20,16,63,Theo RiddickT. Riddick,2,444,53,71,detroit-lions,435,8.38,27.8
3,30,16,44,Eric EbronE. Ebron,4,574,53,86,detroit-lions,258,10.83,35.9
4,22,14,34,TJ JonesT. Jones,1,399,30,49,detroit-lions,77,13.30,28.5
5,18,11,54t,Kenny GolladayK. Golladay,3,477,28,48,detroit-lions,181,17.04,43.4
6,13,14,22,Ameer AbdullahA. Abdullah,1,162,25,35,detroit-lions,146,6.48,11.6
7,12,16,23,Darren FellsD. Fells,3,177,17,26,detroit-lions,122,10.41,11.1
8,2,15,23,Michael RobertsM. Roberts,0,46,4,7,detroit-lions,12,11.50,3.1
9,2,7,25,Jared AbbrederisJ. Abbrederis,0,44,3,7,detroit-lions,28,14.67,6.3
10,1,13,12,Jamal AgnewJ. Agnew,0,18,2,2,detroit-lions,24,9.00,1.4
11,0,5,9,Tion GreenT. Green,0,14,2,2,detroit-lions,14,7.00,2.8
12,1,5,10,Dwayne WashingtonD. Washington,0,14,2,2,detroit-lions,17,7.00,2.8
13,1,13,1t,Nick BelloreN. Bellore,1,1,1,1,detroit-lions,1,1.00,0.1
14,0,15,-4,Brian MihalikB. Mihalik,0,-4,1,1,detroit-lions,0,-4.00,-0.3
15,0,8,0,Zach ZennerZ. Zenner,0,0,0,1,detroit-lions,0,0.00,0.0
16,210,16,71t,Detroit,29,"4,470",374,565,detroit-lions,"2,123",11.95,279.4
17,205,16,97t,Opponents,21,"4,120",366,565,detroit-lions,"2,066",11.26,257.5
0,45,14,55t,Davante AdamsD. Adams,10,885,74,117,green-bay-packers,338,11.96,63.2
1,29,15,46,Randall CobbR. Cobb,4,653,66,92,green-bay-packers,412,9.89,43.5
2,38,15,58,Jordy NelsonJ. Nelson,6,482,53,88,green-bay-packers,128,9.09,32.1
3,12,16,54t,Jamaal WilliamsJ. Williams,2,262,25,34,green-bay-packers,256,10.48,16.4
4,10,7,33,Martellus BennettM. Bennett,0,233,24,38,green-bay-packers,119,9.71,33.3
5,8,8,23,Ty MontgomeryT. Montgomery,1,173,23,31,green-bay-packers,215,7.52,21.6
6,10,15,72,Geronimo AllisonG. Allison,0,253,23,39,green-bay-packers,119,11.00,16.9
7,8,16,51,Lance KendricksL. Kendricks,1,203,18,35,green-bay-packers,89,11.28,12.7
8,6,15,36,Richard RodgersR. Rodgers,1,160,12,19,green-bay-packers,89,13.33,10.7
9,2,12,9,Aaron JonesA. Jones,0,22,9,18,green-bay-packers,30,2.44,1.8
10,1,16,12,Aaron RipkowskiA. Ripkowski,0,39,7,10,green-bay-packers,22,5.57,2.4
11,2,16,29,Trevor DavisT. Davis,0,70,5,7,green-bay-packers,34,14.00,4.4
12,2,2,19,Michael ClarkM. Clark,0,41,4,14,green-bay-packers,11,10.25,20.5
13,0,8,1,Devante MaysD. Mays,0,0,3,3,green-bay-packers,5,0.00,0.0
14,1,1,29,Emanuel ByrdE. Byrd,0,31,2,2,green-bay-packers,27,15.50,31.0
15,1,16,12,Jeff JanisJ. Janis,0,12,2,5,green-bay-packers,0,6.00,0.8
16,1,11,10,Brett HundleyB. Hundley,0,10,1,1,green-bay-packers,15,10.00,0.9
17,0,4,3,Joe KerridgeJ. Kerridge,0,3,1,1,green-bay-packers,0,3.00,0.8
18,176,16,72,Green Bay,25,"3,532",352,554,green-bay-packers,"1,909",10.03,220.8
19,211,16,71t,Opponents,30,"4,041",348,508,green-bay-packers,"1,937",11.61,252.6
0,59,16,65t,Adam ThielenA. Thielen,4,"1,276",91,142,minnesota-vikings,453,14.02,79.8
1,42,14,59t,Stefon DiggsS. Diggs,8,849,64,95,minnesota-vikings,298,13.27,60.6
2,32,16,34,Kyle RudolphK. Rudolph,8,532,57,81,minnesota-vikings,224,9.33,33.2
3,20,16,41,Jerick McKinnonJ. McKinnon,2,421,51,68,minnesota-vikings,450,8.25,26.3
4,12,16,25,Laquon TreadwellL. Treadwell,0,200,20,35,minnesota-vikings,58,10.00,12.5
5,13,16,30,Jarius WrightJ. Wright,2,198,18,25,minnesota-vikings,86,11.00,12.4
6,3,16,28,Latavius MurrayL. Murray,0,103,15,17,minnesota-vikings,125,6.87,6.4
7,3,4,36,Dalvin CookD. Cook,0,90,11,16,minnesota-vikings,104,8.18,22.5
8,5,15,23,David MorganD. Morgan,1,95,10,12,minnesota-vikings,57,9.50,6.3
9,3,11,19,Michael FloydM. Floyd,0,78,10,17,minnesota-vikings,34,7.80,7.1
10,3,16,12,C.J. HamC. Ham,0,68,7,8,minnesota-vikings,84,9.71,4.2
11,1,13,12,Blake BellB. Bell,0,19,3,4,minnesota-vikings,12,6.33,1.5
12,0,4,0,Stacy ColeyS. Coley,0,0,0,1,minnesota-vikings,0,0.00,0.0
13,196,16,65t,Minnesota,25,"3,929",357,521,minnesota-vikings,"1,985",11.01,245.6
14,168,16,52,Opponents,13,"3,329",324,551,minnesota-vikings,"1,452",10.27,208.1
0,67,16,53,Julio JonesJ. Jones,3,"1,444",88,148,atlanta-falcons,486,16.41,90.2
1,41,15,25,Mohamed SanuM. Sanu,5,703,67,96,atlanta-falcons,245,10.49,46.9
2,18,16,88t,Austin HooperA. Hooper,3,526,49,65,atlanta-falcons,262,10.73,32.9
3,18,14,29,Devonta FreemanD. Freeman,1,317,36,47,atlanta-falcons,244,8.81,22.6
4,17,16,40t,Taylor GabrielT. Gabriel,1,378,33,51,atlanta-falcons,217,11.45,23.6
5,13,15,39,Tevin ColemanT. Coleman,3,299,27,39,atlanta-falcons,218,11.07,19.9
6,13,16,27,Justin HardyJ. Hardy,3,221,20,29,atlanta-falcons,76,11.05,13.8
7,5,15,25t,Levine ToiloloL. Toilolo,1,122,12,14,atlanta-falcons,63,10.17,8.1
8,3,1,14,Nick WilliamsN. Williams,0,30,3,4,atlanta-falcons,5,10.00,30.0
9,1,14,11,Terron WardT. Ward,0,14,3,3,atlanta-falcons,21,4.67,1.0
10,2,8,40t,Marvin HallM. Hall,1,60,2,9,atlanta-falcons,0,30.00,7.5
11,1,16,11,Derrick ColemanD. Coleman,0,20,2,7,atlanta-falcons,17,10.00,1.2
12,1,16,12,Andre RobertsA. Roberts,0,12,1,4,atlanta-falcons,7,12.00,0.8
13,0,15,0,Ty SambrailoT. Sambrailo,0,0,0,1,atlanta-falcons,0,0.00,0.0
14,200,16,88t,Atlanta,21,"4,146",343,517,atlanta-falcons,"1,861",12.09,259.1
15,197,16,54t,Opponents,22,"3,725",362,544,atlanta-falcons,"1,759",10.29,232.8
0,36,16,37,Christian McCaffreyC. McCaffrey,5,651,80,113,carolina-panthers,593,8.14,40.7
1,40,16,44,Devin FunchessD. Funchess,8,840,63,111,carolina-panthers,296,13.33,52.5
2,21,8,43,Kelvin BenjaminK. Benjamin,2,475,32,51,carolina-panthers,101,14.84,59.4
3,22,16,64,Ed DicksonE. Dickson,1,437,30,48,carolina-panthers,201,14.57,27.3
4,10,15,40t,Russell ShepardR. Shepard,1,202,17,32,carolina-panthers,106,11.88,13.5
5,13,7,30t,Greg OlsenG. Olsen,1,191,17,38,carolina-panthers,48,11.24,27.3
6,6,9,23,Curtis SamuelC. Samuel,0,115,15,26,carolina-panthers,41,7.67,12.8
7,5,8,31,Damiere ByrdD. Byrd,2,105,10,17,carolina-panthers,61,10.50,13.1
8,6,8,27,Brenton BersinB. Bersin,0,128,8,14,carolina-panthers,16,16.00,16.0
9,2,15,21,Jonathan StewartJ. Stewart,1,52,8,15,carolina-panthers,69,6.50,3.5
10,4,9,15,Kaelin ClayK. Clay,0,57,5,15,carolina-panthers,17,11.40,6.3
11,1,12,28t,Fozzy WhittakerF. Whittaker,1,47,5,6,carolina-panthers,59,9.40,3.9
12,1,16,11,Chris ManhertzC. Manhertz,0,17,2,4,carolina-panthers,9,8.50,1.1
13,0,13,2,Cameron Artis-PayneC. Artis-Payne,0,2,1,1,carolina-panthers,6,2.00,0.2
14,0,14,0,Shaq ThompsonS. Thompson,0,0,0,1,carolina-panthers,0,0.00,0.0
15,167,16,64,Carolina,22,"3,319",293,492,carolina-panthers,"1,623",11.33,207.4
16,187,16,70,Opponents,25,"3,969",351,538,carolina-panthers,"1,911",11.31,248.1
0,70,16,43,Michael ThomasM. Thomas,5,"1,245",104,149,new-orleans-saints,425,11.97,77.8
1,38,16,40,Alvin KamaraA. Kamara,5,826,81,100,new-orleans-saints,683,10.20,51.6
2,19,16,54,Mark IngramM. Ingram,0,416,58,71,new-orleans-saints,490,7.17,26.0
3,32,15,54t,Ted Ginn Jr.T. Ginn,4,787,53,70,new-orleans-saints,302,14.85,52.5
4,14,16,54,Brandon ColemanB. Coleman,3,364,23,37,new-orleans-saints,143,15.83,22.8
5,13,11,33,Coby FleenerC. Fleener,2,295,22,30,new-orleans-saints,111,13.41,26.8
6,4,16,22,Josh HillJ. Hill,1,125,16,22,new-orleans-saints,88,7.81,7.8
7,4,15,52,Tommylee LewisT. Lewis,1,116,10,15,new-orleans-saints,52,11.60,7.7
8,4,11,26,Willie SneadW. Snead,0,92,8,16,new-orleans-saints,32,11.50,8.4
9,2,14,25,Michael HoomanawanuiM. Hoomanawanui,1,52,6,10,new-orleans-saints,27,8.67,3.7
10,0,4,3,Adrian PetersonA. Peterson,0,4,2,3,new-orleans-saints,4,2.00,1.0
11,1,12,5,Zach LineZ. Line,1,8,2,5,new-orleans-saints,2,4.00,0.7
12,0,3,4,Garrett GriffinG. Griffin,0,4,1,1,new-orleans-saints,0,4.00,1.3
13,201,16,54t,New Orleans,23,"4,334",386,529,new-orleans-saints,"2,359",11.23,270.9
14,172,16,53t,Opponents,22,"3,884",329,542,new-orleans-saints,"1,909",11.81,242.8
0,55,15,42t,Mike EvansM. Evans,5,"1,001",71,136,tampa-bay-buccaneers,134,14.10,66.7
1,34,16,43,Adam HumphriesA. Humphries,1,631,61,83,tampa-bay-buccaneers,307,10.34,39.4
2,36,14,41,DeSean JacksonD. Jackson,3,668,50,90,tampa-bay-buccaneers,191,13.36,47.7
3,33,16,35,Cameron BrateC. Brate,6,591,48,77,tampa-bay-buccaneers,143,12.31,36.9
4,12,16,25,Charles SimsC. Sims,1,249,35,47,tampa-bay-buccaneers,206,7.11,15.6
5,27,16,70,Chris GodwinC. Godwin,1,525,34,55,tampa-bay-buccaneers,169,15.44,32.8
6,19,14,58t,O.J. HowardO. Howard,6,432,26,39,tampa-bay-buccaneers,152,16.62,30.9
7,4,16,34,Peyton BarberP. Barber,0,114,16,19,tampa-bay-buccaneers,113,7.12,7.1
8,4,16,15,Jacquizz RodgersJ. Rodgers,0,74,9,11,tampa-bay-buccaneers,85,8.22,4.6
9,6,11,17,Doug MartinD. Martin,0,84,9,18,tampa-bay-buccaneers,60,9.33,7.6
10,3,8,23,Alan CrossA. Cross,0,58,5,6,tampa-bay-buccaneers,25,11.60,7.2
11,4,8,39,Freddie MartinoF. Martino,0,96,5,6,tampa-bay-buccaneers,15,19.20,12.0
12,1,9,8t,Luke StockerL. Stocker,1,18,3,3,tampa-bay-buccaneers,14,6.00,2.0
13,2,8,14,Antony AuclairA. Auclair,0,25,2,2,tampa-bay-buccaneers,20,12.50,3.1
14,1,9,15,Bernard ReedyB. Reedy,0,21,2,2,tampa-bay-buccaneers,8,10.50,2.3
15,1,8,2t,Leonard WesterL. Wester,1,2,1,1,tampa-bay-buccaneers,0,2.00,0.2
16,1,3,18t,Jesus WilsonJ. Wilson,1,18,1,1,tampa-bay-buccaneers,0,18.00,6.0
17,243,16,70,Tampa Bay,26,"4,607",378,596,tampa-bay-buccaneers,"1,642",12.19,287.9
18,202,16,61t,Opponents,22,"4,306",371,539,tampa-bay-buccaneers,"1,738",11.61,269.1
0,66,16,37,Larry FitzgeraldL. Fitzgerald,6,"1,156",109,161,arizona-cardinals,408,10.61,72.2
1,13,8,24,Andre EllingtonA. Ellington,0,297,33,50,arizona-cardinals,203,9.00,37.1
2,17,14,21,Jermaine GreshamJ. Gresham,2,322,33,46,arizona-cardinals,136,9.76,23.0
3,23,16,52t,Jaron BrownJ. Brown,4,477,31,69,arizona-cardinals,91,15.39,29.8
4,21,16,46,J.J. NelsonJ. Nelson,2,508,29,61,arizona-cardinals,59,17.52,31.8
5,15,10,52,John BrownJ. Brown,3,299,21,55,arizona-cardinals,59,14.24,29.9
6,8,7,20,D.J. FosterD. Foster,0,133,17,28,arizona-cardinals,79,7.82,19.0
7,10,10,29t,Ricky Seals-JonesR. Seals-Jones,3,201,12,28,arizona-cardinals,74,16.75,20.1
8,6,15,21,Troy NiklasT. Niklas,1,132,11,23,arizona-cardinals,56,12.00,8.8
9,6,16,25,Kerwynn WilliamsK. Williams,0,93,10,15,arizona-cardinals,46,9.30,5.8
10,3,6,13,Adrian PetersonA. Peterson,0,66,9,16,arizona-cardinals,51,7.33,11.0
11,3,1,24,David JohnsonD. Johnson,0,67,6,9,arizona-cardinals,46,11.17,67.0
12,3,13,29,Brittan GoldenB. Golden,0,70,5,9,arizona-cardinals,49,14.00,5.4
13,2,4,15,Chris JohnsonC. Johnson,0,43,5,6,arizona-cardinals,30,8.60,10.8
14,2,16,18,Elijhaa PennyE. Penny,0,38,4,6,arizona-cardinals,41,9.50,2.4
15,1,6,15,Chad WilliamsC. Williams,0,31,3,7,arizona-cardinals,6,10.33,5.2
16,1,9,46,Ifeanyi MomahI. Momah,0,46,1,2,arizona-cardinals,23,46.00,5.1
17,0,2,0,Gabe HolmesG. Holmes,0,0,0,1,arizona-cardinals,0,0.00,0.0
18,200,16,52t,Arizona,21,"3,979",339,592,arizona-cardinals,"1,457",11.74,248.7
19,187,16,72t,Opponents,24,"3,796",343,555,arizona-cardinals,"1,667",11.07,237.2
0,32,15,80t,Todd GurleyT. Gurley,6,788,64,87,los-angeles-rams,749,12.31,52.5
1,42,15,64,Cooper KuppC. Kupp,5,869,62,94,los-angeles-rams,364,14.02,57.9
2,36,12,94t,Robert WoodsR. Woods,5,781,56,85,los-angeles-rams,304,13.95,65.1
3,33,15,67t,Sammy WatkinsS. Watkins,8,593,39,70,los-angeles-rams,185,15.21,39.5
4,12,16,38,Tyler HigbeeT. Higbee,1,295,25,45,los-angeles-rams,77,11.80,18.4
5,7,16,69,Gerald EverettG. Everett,2,244,16,32,los-angeles-rams,108,15.25,15.2
6,2,16,13,Tavon AustinT. Austin,0,47,13,22,los-angeles-rams,73,3.62,2.9
7,3,16,26,Pharoh CooperP. Cooper,0,84,11,19,los-angeles-rams,54,7.64,5.2
8,7,16,28,Josh ReynoldsJ. Reynolds,1,104,11,24,los-angeles-rams,34,9.45,6.5
9,3,11,16,Malcolm BrownM. Brown,0,53,9,11,los-angeles-rams,59,5.89,4.8
10,4,14,17,Derek CarrierD. Carrier,0,71,8,11,los-angeles-rams,50,8.88,5.1
11,4,8,50,Mike ThomasM. Thomas,0,93,5,7,los-angeles-rams,29,18.60,11.6
12,0,4,1,Lance DunbarL. Dunbar,0,1,1,3,los-angeles-rams,1,1.00,0.2
13,185,16,94t,LA Rams,28,"4,023",320,510,los-angeles-rams,"2,087",12.57,251.4
14,181,16,65t,Opponents,21,"3,799",324,547,los-angeles-rams,"1,836",11.73,237.4
0,17,16,18,Carlos HydeC. Hyde,0,350,59,88,san-francisco-49ers,322,5.93,21.9
1,46,16,83t,Marquise GoodwinM. Goodwin,2,962,56,105,san-francisco-49ers,198,17.18,60.1
2,27,15,33,Trent TaylorT. Taylor,2,430,43,60,san-francisco-49ers,190,10.00,28.7
3,22,15,44,George KittleG. Kittle,2,515,43,63,san-francisco-49ers,271,11.98,34.3
4,25,8,59,Pierre GarconP. Garcon,0,500,40,67,san-francisco-49ers,190,12.50,62.5
5,13,14,44,Kyle JuszczykK. Juszczyk,1,315,33,42,san-francisco-49ers,207,9.55,22.5
6,9,16,32,Matt BreidaM. Breida,1,180,21,36,san-francisco-49ers,160,8.57,11.2
7,15,16,61,Garrett CelekG. Celek,4,336,21,33,san-francisco-49ers,172,16.00,21.0
8,12,16,45t,Aldrick RobinsonA. Robinson,2,260,19,48,san-francisco-49ers,45,13.68,16.2
9,12,11,54,Kendrick BourneK. Bourne,0,257,16,34,san-francisco-49ers,114,16.06,23.4
10,6,7,40,Louis MurphyL. Murphy,1,121,8,17,san-francisco-49ers,39,15.12,17.3
11,2,4,10,Cole HikutiniC. Hikutini,0,15,2,3,san-francisco-49ers,2,7.50,3.8
12,0,6,-6,Jimmy GaroppoloJ. Garoppolo,0,-6,1,1,san-francisco-49ers,0,-6.00,-1.0
13,0,14,0,Logan PaulsenL. Paulsen,0,0,0,2,san-francisco-49ers,0,0.00,0.0
14,206,16,83t,San Francisco,15,"4,235",362,599,san-francisco-49ers,"1,910",11.70,264.7
15,198,16,72t,Opponents,27,"3,943",344,538,san-francisco-49ers,"1,680",11.46,246.4
